,鄉鎮市區,交易標的,土地區段位置建物區段門牌,交易年月日,總價元,單價/坪,編號
54275,永和區,房地(土地+建物)+車位,永平路331~360號,2020,3240000.0,100195.0,RPTPMLNLIIPFFHF56DA
14072,永和區,房地(土地+建物)+車位,新北市永和區竹林路25巷1~30號,2020,10000000.0,192892.6,RPTPMLSKKHPFFHF96CA
18106,永和區,房地(土地+建物)+車位,新北市永和區仁愛路301~330號,2020,6500000.0,212370.2,RPSQMLSKLHPFFHF07CA
7243,永和區,房地(土地+建物)+車位,新北市永和區環河東路一段91~120號,2018,3500000.0,237778.5,RPUQMLKMKIOFFHF56CA
52614,永和區,房地(土地+建物)+車位,永平路301~330號,2020,10800000.0,256261.2,RPPPMLPKIIPFFHF88DA
1492,永和區,房地(土地+建物)+車位,新北市永和區永平路173巷1~30號,2019,8500000.0,260274.4,RPOQMLPLJIOFFHF88CA
21521,永和區,房地(土地+建物)+車位,新北市永和區成功路一段61~90號,2020,20500000.0,265457.9,RPUPMLOLMHPFFHF96CA
34296,永和區,房地(土地+建物)+車位,新北市永和區秀朗路一段61~90號,2020,10500000.0,275352.1,RPPTNLKMPHPFFHF96CA
21358,永和區,房地(土地+建物)+車位,新北市永和區仁愛路331~360號,2020,16000000.0,280241.3,RPTOMLNKMHPFFHF56CA
11526,永和區,房地(土地+建物)+車位,新北市永和區保順路51巷1~30號,2019,16000000.0,314201.7,RPVNMLKLJHPFFHF78CA
20447,永和區,房地(土地+建物)+車位,新北市永和區環河東路一段91~120號,2020,18200000.0,316608.3,RPTOMLKMLHPFFHF98CA
3083,永和區,房地(土地+建物)+車位,新北市永和區保順路51巷1~30號,2019,20500000.0,319874.4,RPRNMLTLJIOFFHF66CA
20565,永和區,房地(土地+建物)+車位,新北市永和區永寧街121~150號,2019,15000000.0,320909.1,RPWOMLKMLHPFFHF66CA
20559,永和區,房地(土地+建物)+車位,新北市永和區永寧街121~150號,2019,17000000.0,338238.0,RPSOMLKMLHPFFHF88CA
19140,永和區,房地(土地+建物)+車位,新北市永和區環河西路二段209巷1~30號,2020,11400000.0,339084.3,RPWPMLRLLHPFFHF37CA
26335,永和區,房地(土地+建物)+車位,新北市永和區環河東路二段31~60號,2020,16600000.0,350714.0,RPUPMLMKNHPFFHF76CA
2556,永和區,房地(土地+建物)+車位,新北市永和區永元路95巷1~30號,2019,32000000.0,353973.6,RPUPMLSLJIOFFHF07CA
17622,永和區,房地(土地+建物)+車位,新北市永和區竹林路91巷60弄1~30號,2020,23000000.0,360006.6,RPTOMLKKLHPFFHF78CA
12952,永和區,房地(土地+建物)+車位,新北市永和區秀朗路二段211~240號,2019,19500000.0,364578.5,RPOPMLRJKHPFFHF88CA
24094,永和區,房地(土地+建物)+車位,新北市永和區保順路31~60號,2020,21400000.0,370872.7,RPOOMLTLMHPFFHF76CA
31226,永和區,房地(土地+建物)+車位,新北市永和區永亨路165巷1~30號,2020,17000000.0,372694.2,RPOOMLRKOHPFFHF66CA
11893,永和區,房地(土地+建物)+車位,新北市永和區仁愛路282巷1~30號,2019,14200000.0,375206.6,RPXNMLPJKHPFFHF76CA
7987,永和區,房地(土地+建物)+車位,新北市永和區仁愛路301~330號,2019,17600000.0,381719.0,RPQNMLOJJHPFFHF48CA
627,永和區,房地(土地+建物)+車位,新北市永和區環河東路三段1~30號,2019,24000000.0,383874.4,RPRNMLOKJIOFFHF68CA
24624,永和區,房地(土地+建物)+車位,新北市永和區永利路72巷1~30號,2020,42000000.0,383990.1,RPQNMLLJNHPFFHF58CA
7061,永和區,房地(土地+建物)+車位,新北市永和區還河東路三段1~30號,2019,19300000.0,384185.1,RPUNMLKMKIOFFHF88CA
151,永和區,房地(土地+建物)+車位,新北市永和區永利路72巷1~30號,2019,14700000.0,386866.1,RPOOMLNKJIOFFHF38CA
21522,永和區,房地(土地+建物)+車位,新北市永和區永元路17巷7弄1~30號,2020,11000000.0,388251.2,RPWNMLNKMHPFFHF76CA
16212,永和區,房地(土地+建物)+車位,新北市永和區成功路一段121~150號,2020,15000000.0,391805.0,RPOQMLQLKHPFFHF09CA
18120,永和區,房地(土地+建物)+車位,新北市永和區得和路91~120號,2020,13500000.0,392333.9,RPTNMLMKLHPFFHF88CA
32029,永和區,房地(土地+建物)+車位,新北市永和區成功路二段61~90號,2020,15500000.0,401094.2,RPXOMLTKOHPFFHF87DA
35034,永和區,房地(土地+建物)+車位,仁愛路301~330號,2020,18600000.0,402975.2,RPTNMLOJPHPFFHF86DA
694,永和區,房地(土地+建物)+車位,新北市永和區中正路61~90號,2019,16000000.0,404099.2,RPQOMLTLJIOFFHF76DA
2070,永和區,房地(土地+建物)+車位,新北市永和區民權路36巷1~30號,2019,18200000.0,405454.5,RPUOMLTLJIOFFHF07CA
732,永和區,房地(土地+建物)+車位,新北市永和區福和路1~30號,2019,22500000.0,408052.9,RPUNMLRKJIOFFHF76DA
8474,永和區,房地(土地+建物)+車位,新北市永和區仁愛路306巷18弄1~30號,2019,16300000.0,408228.1,RPOOMLPKJHPFFHF58CA
10909,永和區,房地(土地+建物)+車位,新北市永和區保生路22巷19弄1~30號,2019,18800000.0,408443.0,RPQNMLNJKHPFFHF68EA
1941,永和區,房地(土地+建物)+車位,新北市永和區仁愛路306巷61~90號,2019,35500000.0,408548.8,RPWQMLMLJIOFFHF76CA
18105,永和區,房地(土地+建物)+車位,新北市永和區仁愛路301~330號,2020,18000000.0,408991.7,RPSPMLRKLHPFFHF86CA
3898,永和區,房地(土地+建物)+車位,新北市永和區仁愛路301~330號,2019,9320000.0,409517.4,RPPSMLMKKIOFFHF98DA
7986,永和區,房地(土地+建物)+車位,新北市永和區仁愛路241~270號,2019,20200000.0,410102.5,RPOOMLQJJHPFFHF58CA
9280,永和區,房地(土地+建物)+車位,新北市永和區環河西路二段241~270號,2019,19300000.0,412823.1,RPUOMLTJJHPFFHF86CA
284,永和區,房地(土地+建物)+車位,新北市永和區水源街33巷1~30號,2019,32700000.0,415223.1,RPWQMLNJKIOFFHF76CA
7848,永和區,房地(土地+建物)+車位,新北市永和區環河西路一段61~90號,2019,20700000.0,419325.6,RPRQMLKMKIOFFHF98DA
12955,永和區,房地(土地+建物)+車位,新北市永和區永元路95巷1~30號,2019,21800000.0,420119.0,RPXOMLPJKHPFFHF86CA
3972,永和區,房地(土地+建物)+車位,新北市永和區永利路72巷1~30號,2019,33300000.0,420247.9,RPUNMLPJKIOFFHF09CA
14636,永和區,房地(土地+建物)+車位,新北市永和區中正路465巷1~30號,2019,49000000.0,422667.8,RPQOMLNKLHPFFHF78CA
1531,永和區,房地(土地+建物)+車位,新北市永和區中正路428巷1~30號,2019,12700000.0,423431.4,RPURMLMLJIOFFHF76DA
23600,永和區,房地(土地+建物)+車位,新北市永和區中山路一段128巷1~30號,2020,18000000.0,426155.4,RPUOMLNLMHPFFHF76CA
18125,永和區,房地(土地+建物)+車位,新北市永和區永利路121~150號,2020,24500000.0,428800.0,RPROMLNKLHPFFHF88CA
29199,永和區,房地(土地+建物)+車位,新北市永和區秀朗路二段121~150號,2020,15900000.0,430188.4,RPXOMLSKOHPFFHF67CA
14648,永和區,房地(土地+建物)+車位,新北市永和區永平路241~270號,2020,21000000.0,432290.9,RPSPMLPKKHPFFHF56CA
296,永和區,房地(土地+建物)+車位,新北市永和區永貞路151~180號,2019,22000000.0,433081.0,RPTNMLOKJIOFFHF88CA
10959,永和區,房地(土地+建物)+車位,新北市永和區秀朗路一段61~90號,2019,18000000.0,433957.0,RPOQMLQKJHPFFHF88CA
26519,永和區,房地(土地+建物)+車位,新北市永和區環河西路一段61~90號,2020,22000000.0,434763.6,RPQNMLOLNHPFFHF09CA
14207,永和區,房地(土地+建物)+車位,新北市永和區環河東路四段151~180號,2020,31600000.0,441871.1,RPTNMLNKKHPFFHF88CA
15325,永和區,房地(土地+建物)+車位,新北市永和區仁愛路301~330號,2019,19600000.0,443609.9,RPVOMLTKKHPFFHF27DA
11882,永和區,房地(土地+建物)+車位,新北市永和區環河東路三段1~30號,2019,21000000.0,446095.9,RPUNMLMLJHPFFHF88CA
28706,永和區,房地(土地+建物)+車位,新北市永和區林森路121~150號,2019,53500000.0,447246.3,RPSNMLTLNHPFFHF17CA
20928,永和區,房地(土地+建物)+車位,新北市永和區秀朗路一段61~90號,2020,18400000.0,448307.4,RPUPMLLJMHPFFHF09CA
13324,永和區,房地(土地+建物)+車位,新北市永和區永利路72巷1~30號,2019,30500000.0,449157.0,RPRPMLRJKHPFFHF56CA
14616,永和區,房地(土地+建物)+車位,新北市永和區永利路121~150號,2019,22800000.0,451114.0,RPUPMLOKKHPFFHF76DA
1644,永和區,房地(土地+建物)+車位,新北市永和區永貞路151~180號,2019,22800000.0,453884.3,RPQNMLLLJIOFFHF38CA
31487,永和區,房地(土地+建物)+車位,新北市永和區環河東路一段31~60號,2020,17400000.0,454135.5,RPSPMLOLPHPFFHF07CA
27614,永和區,房地(土地+建物)+車位,新北市永和區仁愛路282巷31~60號,2020,23400000.0,456205.0,RPQPMLMLNHPFFHF09CA
13272,永和區,房地(土地+建物)+車位,新北市永和區中正路91~120號,2019,14600000.0,456330.6,RPVPMLRJKHPFFHF07DA
31545,永和區,房地(土地+建物)+車位,新北市永和區仁愛路299巷1~30號,2020,16100000.0,460178.5,RPVNMLRKOHPFFHF37DA
28065,永和區,房地(土地+建物)+車位,新北市永和區仁愛路282巷1~30號,2020,23800000.0,462757.0,RPOOMLRLNHPFFHF66CA
1139,永和區,房地(土地+建物)+車位,新北市永和區秀朗路一段61~90號,2019,28600000.0,465924.0,RPVPMLTKJIOFFHF27DA
1178,永和區,房地(土地+建物)+車位,新北市永和區仁愛路282巷31~60號,2019,31600000.0,467623.1,RPXPMLTKJIOFFHF37CA
16104,永和區,房地(土地+建物)+車位,新北市永和區仁愛路306巷18弄1~30號,2020,21500000.0,468674.4,RPUOMLPLKHPFFHF76CA
19588,永和區,房地(土地+建物)+車位,新北市永和區安樂路301~330號,2020,15900000.0,471322.3,RPUSMLNLLHPFFHF07CA
29172,永和區,房地(土地+建物)+車位,新北市永和區環河西路一段61~90號,2020,24200000.0,474472.7,RPXOMLMJOHPFFHF07DA
29864,永和區,房地(土地+建物)+車位,新北市永和區林森路121~150號,2020,33800000.0,474985.1,RPTPMLSJOHPFFHF27CA
21129,永和區,房地(土地+建物)+車位,新北市永和區環河西路一段91~120號,2020,18500000.0,475305.8,RPPNMLNJMHPFFHF68DA
26326,永和區,房地(土地+建物)+車位,新北市永和區仁愛路306巷35弄1~30號,2020,21300000.0,477765.3,RPSPMLLLNHPFFHF56CA
12841,永和區,房地(土地+建物)+車位,新北市永和區仁愛路271~300號,2019,23000000.0,479309.1,RPWOMLRJKHPFFHF96CA
10839,永和區,房地(土地+建物)+車位,新北市永和區仁愛路306巷61~90號,2019,27000000.0,480674.4,RPWNMLOKJHPFFHF56CA
20131,永和區,房地(土地+建物)+車位,新北市永和區仁愛路306巷35弄1~30號,2020,27300000.0,482558.7,RPWOMLRLLHPFFHF27CA
18104,永和區,房地(土地+建物)+車位,新北市永和區中正路91~120號,2020,17500000.0,483464.5,RPPTMLNLLHPFFHF66CA
13242,永和區,房地(土地+建物)+車位,新北市永和區仁愛路61~90號,2019,27000000.0,485061.2,RPPQMLSKKHPFFHF76DA
3917,永和區,房地(土地+建物)+車位,新北市永和區博愛街32巷1~30號,2019,26500000.0,485282.6,RPUNMLQJKIOFFHF76EA
26620,永和區,房地(土地+建物)+車位,新北市永和區保福路二段88巷1~30號,2020,29400000.0,485319.0,RPWOMLNKNHPFFHF96CA
39471,永和區,房地(土地+建物)+車位,永平路361~390號,2017,32200000.0,489646.3,RPURMLOLPHPFFHF57DA
13323,永和區,房地(土地+建物)+車位,新北市永和區環河西路一段1~30號,2019,29800000.0,490965.3,RPQPMLRJKHPFFHF09CA
23596,永和區,房地(土地+建物)+車位,新北市永和區保生路22巷19弄31~60號,2020,19000000.0,491933.9,RPOPMLNLMHPFFHF88CA
19726,永和區,房地(土地+建物)+車位,新北市永和區秀朗路二段91~120號,2020,26000000.0,496565.3,RPXPMLOLLHPFFHF17CA
27729,永和區,房地(土地+建物)+車位,新北市永和區環河西路一段1~30號,2020,30200000.0,497557.0,RPVNMLPLNHPFFHF07CA
30295,永和區,房地(土地+建物)+車位,新北市永和區仁愛路306巷18弄1~30號,2020,31700000.0,498489.3,RPSQMLKKOHPFFHF66DA
19215,永和區,房地(土地+建物)+車位,新北市永和區秀朗路二段91~120號,2020,18000000.0,498985.1,RPPPMLKLLHPFFHF68DA
52195,永和區,房地(土地+建物)+車位,永平路331~360號,2020,16200000.0,499243.0,RPRNMLTJIIPFFHF56DA
16114,永和區,房地(土地+建物)+車位,新北市永和區秀朗路二段121~150號,2020,18900000.0,499970.2,RPVOMLNJLHPFFHF56CA
22015,永和區,房地(土地+建物)+車位,新北市永和區環河東路四段151~180號,2020,32000000.0,499976.9,RPQRMLKKMHPFFHF98DA
29120,永和區,房地(土地+建物)+車位,新北市永和區秀朗路二段121~150號,2020,18800000.0,500171.9,RPUPMLLKOHPFFHF76CA
27996,永和區,房地(土地+建物)+車位,新北市永和區仁愛路306巷18弄1~30號,2020,21800000.0,500198.3,RPRRMLRLNHPFFHF37DA
3989,永和區,房地(土地+建物)+車位,新北市永和區秀朗路二段121~150號,2019,19200000.0,500281.0,RPVOMLTJKIOFFHF07CA
19639,永和區,房地(土地+建物)+車位,新北市永和區保福路二段59巷1~30號,2019,27500000.0,501818.2,RPWRMLOLLHPFFHF37DA
29566,永和區,房地(土地+建物)+車位,新北市永和區永平路302巷32弄1~30號,2020,21300000.0,504644.6,RPXQMLLKOHPFFHF17CA
9922,永和區,房地(土地+建物)+車位,新北市永和區仁愛路282巷1~30號,2019,28100000.0,507041.3,RPOOMLKKJHPFFHF18DA
52579,永和區,房地(土地+建物)+車位,永平路331~360號,2020,23500000.0,509613.2,RPUNMLPKIIPFFHF66EA
32920,永和區,房地(土地+建物)+車位,新北市永和區永平路361~390號,2017,35400000.0,509745.5,RPOTMLTKPHPFFHF47CA
7069,永和區,房地(土地+建物)+車位,新北市永和區林森路121~150號,2019,37000000.0,513881.0,RPUNMLPLKIOFFHF66CA
22255,永和區,房地(土地+建物)+車位,新北市永和區秀朗路二段121~150號,2020,20000000.0,514869.4,RPWQMLOKMHPFFHF17CA
3808,永和區,房地(土地+建物)+車位,新北市永和區秀朗路二段121~150號,2017,20300000.0,516935.5,RPRQMLOLKIOFFHF56CA
32915,永和區,房地(土地+建物)+車位,新北市永和區永平路361~390號,2017,33000000.0,519147.1,RPTSMLTKPHPFFHF87CA
28841,永和區,房地(土地+建物)+車位,新北市永和區仁愛路306巷61~90號,2020,28600000.0,519213.2,RPTOMLTLNHPFFHF37CA
8910,永和區,房地(土地+建物)+車位,新北市永和區信義路25巷30弄1~30號,2019,24000000.0,519676.0,RPPRMLKKJHPFFHF48CA
2086,永和區,房地(土地+建物)+車位,新北市永和區秀朗路二段121~150號,2019,19900000.0,519930.6,RPWSMLTJKIOFFHF57CA
29457,永和區,房地(土地+建物)+車位,新北市永和區秀朗路二段121~150號,2020,15200000.0,520720.7,RPOQMLLKOHPFFHF88CA
46214,永和區,房地(土地+建物)+車位,永平路361~390號,2020,43900000.0,524717.4,RPTQMLOJRHPFFHF37DA
28854,永和區,房地(土地+建物)+車位,新北市永和區環河西路一段1~30號,2020,31900000.0,525236.4,RPPOMLOJOHPFFHF98CA
32921,永和區,房地(土地+建物)+車位,新北市永和區永平路361~390號,2017,34700000.0,525557.0,RPPTMLTKPHPFFHF57CA
2090,永和區,房地(土地+建物)+車位,新北市永和區秀朗路二段121~150號,2017,20000000.0,527487.6,RPQTMLTJKIOFFHF07CA
3816,永和區,房地(土地+建物)+車位,新北市永和區秀朗路二段121~150號,2017,20200000.0,528145.5,RPWPMLNLKIOFFHF86CA
29925,永和區,房地(土地+建物)+車位,新北市永和區仁愛路306巷31~60號,2020,24000000.0,528614.9,RPRPMLPJOHPFFHF86DA
54394,永和區,房地(土地+建物)+車位,永平路331~360號,2017,33000000.0,528707.4,RPQTMLOLPHPFFHF37DA
33251,永和區,房地(土地+建物)+車位,新北市永和區秀朗路二段121~150號,2020,19800000.0,528998.3,RPSVMLSJPHPFFHF87CA
3815,永和區,房地(土地+建物)+車位,新北市永和區秀朗路二段121~150號,2017,20300000.0,529917.4,RPVPMLNLKIOFFHF76CA
4000,永和區,房地(土地+建物)+車位,新北市永和區秀朗路二段121~150號,2019,20500000.0,529917.4,RPTQMLTJKIOFFHF07CA
20135,永和區,房地(土地+建物)+車位,新北市永和區仁愛路306巷31~60號,2020,33800000.0,530142.1,RPXQMLQJMHPFFHF37CA
41315,永和區,房地(土地+建物)+車位,永平路361~390號,2019,27200000.0,530512.4,RPPSMLOLPHPFFHF17DA
15795,永和區,房地(土地+建物)+車位,新北市永和區秀朗路二段121~150號,2020,23600000.0,531097.5,RPTNMLPLKHPFFHF56CA
5158,永和區,房地(土地+建物)+車位,新北市永和區秀朗路二段121~150號,2017,20600000.0,531097.5,RPTQMLOLKIOFFHF76CA
23321,永和區,房地(土地+建物)+車位,新北市永和區環河東路四段1~30號,2020,33500000.0,531421.5,RPWQMLMLMHPFFHF17DA
36812,永和區,房地(土地+建物)+車位,永平路361~390號,2018,27000000.0,531563.6,RPQWNLPKPHPFFHF77DA
35083,永和區,房地(土地+建物)+車位,永平路361~390號,2016,37100000.0,532357.0,RPVRNLMJPHPFFHF37DA
14977,永和區,房地(土地+建物)+車位,新北市永和區環河東路四段151~180號,2019,24800000.0,532535.5,RPQQMLRKKHPFFHF76DA
20573,永和區,房地(土地+建物)+車位,新北市永和區永平路302巷32弄1~30號,2020,17500000.0,532684.3,RPUOMLRJMHPFFHF96CA
5291,永和區,房地(土地+建物)+車位,新北市永和區秀朗路二段121~150號,2017,20600000.0,533163.6,RPQQMLRLKIOFFHF76CA
2088,永和區,房地(土地+建物)+車位,新北市永和區秀朗路二段121~150號,2019,20000000.0,533533.9,RPOTMLTJKIOFFHF86CA
25264,永和區,房地(土地+建物)+車位,新北市永和區秀朗路二段121~150號,2020,15800000.0,533738.8,RPXOMLNKNHPFFHF07CA
52616,永和區,房地(土地+建物)+車位,永平路331~360號,2020,17200000.0,534595.0,RPPRMLOKIIPFFHF98DA
1952,永和區,房地(土地+建物)+車位,新北市永和區永平路302巷32弄1~30號,2019,15700000.0,535117.4,RPVNMLLJKIOFFHF78CA
29458,永和區,房地(土地+建物)+車位,新北市永和區秀朗路二段121~150號,2020,20500000.0,535950.4,RPSQMLLKOHPFFHF66CA
35085,永和區,房地(土地+建物)+車位,永平路361~390號,2017,33200000.0,536479.3,RPXRNLMJPHPFFHF57DA
3986,永和區,房地(土地+建物)+車位,新北市永和區秀朗路二段121~150號,2019,20300000.0,538066.1,RPPOMLTJKIOFFHF09CA
28303,永和區,房地(土地+建物)+車位,新北市永和區仁愛路306巷31~60號,2020,27500000.0,539619.8,RPXQMLQLNHPFFHF67CA
3809,永和區,房地(土地+建物)+車位,新北市永和區秀朗路二段121~150號,2017,20400000.0,539881.0,RPSQMLOLKIOFFHF66CA
5307,永和區,房地(土地+建物)+車位,新北市永和區秀朗路二段91~120號,2019,20200000.0,540205.0,RPOPMLSKKIOFFHF09CA
21722,永和區,房地(土地+建物)+車位,新北市永和區秀朗路二段121~150號,2020,20100000.0,541090.9,RPXNMLLLMHPFFHF76CA
1535,永和區,房地(土地+建物)+車位,新北市永和區永利路72巷1~30號,2019,21800000.0,544337.2,RPWRMLMLJIOFFHF96DA
3806,永和區,房地(土地+建物)+車位,新北市永和區秀朗路二段121~150號,2017,16300000.0,544390.1,RPPQMLOLKIOFFHF98CA
4842,永和區,房地(土地+建物)+車位,新北市永和區永平路302巷32弄1~30號,2019,15900000.0,544760.3,RPSTMLRJJHPFFHF96CA
20570,永和區,房地(土地+建物)+車位,新北市永和區永平路302巷32弄1~30號,2019,16100000.0,545332.2,RPOPMLRJMHPFFHF09CA
16590,永和區,房地(土地+建物)+車位,新北市永和區永平路302巷32弄1~30號,2019,16100000.0,546119.0,RPQOMLQJLHPFFHF98CA
30212,永和區,房地(土地+建物)+車位,新北市永和區信義路1~30號,2020,33500000.0,546681.0,RPSNMLKMOHPFFHF09CA
20909,永和區,房地(土地+建物)+車位,新北市永和區仁愛路306巷61~90號,2020,24300000.0,547338.8,RPRQMLOKMHPFFHF66CA
3988,永和區,房地(土地+建物)+車位,新北市永和區秀朗路二段121~150號,2019,21300000.0,547914.0,RPQPMLTJKIOFFHF66CA
2087,永和區,房地(土地+建物)+車位,新北市永和區秀朗路二段121~150號,2019,21100000.0,549391.7,RPXSMLTJKIOFFHF67CA
7981,永和區,房地(土地+建物)+車位,新北市永和區永平路302巷32弄1~30號,2019,16300000.0,549457.9,RPWTMLRJJHPFFHF37CA
2936,永和區,房地(土地+建物)+車位,新北市永和區環河西路一段1~30號,2019,28400000.0,549957.0,RPRPMLSLJIOFFHF76CA
11775,永和區,房地(土地+建物)+車位,新北市永和區信義路1~30號,2019,44200000.0,550013.2,RPXOMLNJKHPFFHF66CA
48390,永和區,房地(土地+建物)+車位,永平路331~360號,2019,30400000.0,550866.1,RPWSMLOLPHPFFHF87DA
36804,永和區,房地(土地+建物)+車位,永平路331~360號,2019,35900000.0,552661.2,RPUTNLPKPHPFFHF87DA
48391,永和區,房地(土地+建物)+車位,永平路331~360號,2019,30500000.0,553963.6,RPXSMLOLPHPFFHF97DA
11543,永和區,房地(土地+建物)+車位,新北市永和區永平路302巷32弄1~30號,2019,16400000.0,554175.2,RPVOMLQJKHPFFHF76CA
1958,永和區,房地(土地+建物)+車位,新北市永和區永平路302巷32弄1~30號,2016,17300000.0,554614.9,RPROMLLJKIOFFHF48CA
16463,永和區,房地(土地+建物)+車位,新北市永和區秀朗路二段121~150號,2020,21400000.0,554700.8,RPWOMLMJLHPFFHF56CA
8351,永和區,房地(土地+建物)+車位,新北市永和區秀朗路二段121~150號,2019,21300000.0,554700.8,RPQQMLMJJHPFFHF58CA
32935,永和區,房地(土地+建物)+車位,新北市永和區永平路331~360號,2016,30100000.0,554809.9,RPTUMLTKPHPFFHF08CA
32972,永和區,房地(土地+建物)+車位,新北市永和區永平路331~360號,2017,22700000.0,555180.2,RPQONLTKPHPFFHF27CA
1955,永和區,房地(土地+建物)+車位,新北市永和區永平路302巷32弄1~30號,2019,16500000.0,555884.3,RPOOMLLJKIOFFHF18CA
3996,永和區,房地(土地+建物)+車位,新北市永和區秀朗路二段121~150號,2019,16700000.0,556224.8,RPXPMLTJKIOFFHF37CA
35050,永和區,房地(土地+建物)+車位,永平路361~390號,2020,27400000.0,556340.5,RPRONLMJPHPFFHF66DA
36363,永和區,房地(土地+建物)+車位,永平路331~360號,2020,30000000.0,557034.7,RPQVMLNJPHPFFHF27DA
12893,永和區,房地(土地+建物)+車位,新北市永和區保安路271~300號,2019,15800000.0,557153.7,RPPOMLOJKHPFFHF68DA
32922,永和區,房地(土地+建物)+車位,新北市永和區永平路361~390號,2017,39000000.0,557401.7,RPQTMLTKPHPFFHF67CA
3817,永和區,房地(土地+建物)+車位,新北市永和區秀朗路二段121~150號,2019,16800000.0,558195.0,RPOQMLNLKIOFFHF78CA
19251,永和區,房地(土地+建物)+車位,新北市永和區永平路302巷32弄1~30號,2019,20300000.0,558241.3,RPOOMLRJMHPFFHF98CA
25260,永和區,房地(土地+建物)+車位,新北市永和區保福路二段91~120號,2020,44500000.0,558409.9,RPUNMLTKNHPFFHF27CA
3813,永和區,房地(土地+建物)+車位,新北市永和區秀朗路二段121~150號,2018,21600000.0,558833.1,RPSPMLNLKIOFFHF09CA
55696,永和區,房地(土地+建物)+車位,永平路331~360號,2018,22700000.0,559173.6,RPVTMLOLPHPFFHF87DA
32934,永和區,房地(土地+建物)+車位,新北市永和區永平路331~360號,2016,32700000.0,559467.8,RPSUMLTKPHPFFHF97CA
47391,永和區,房地(土地+建物)+車位,永平路361~390號,2020,30400000.0,559586.8,RPSRMLOLPHPFFHF37DA
36647,永和區,房地(土地+建物)+車位,永平路301~330號,2020,26300000.0,559712.4,RPTPMLOKPHPFFHF17DA
2922,永和區,房地(土地+建物)+車位,新北市永和區秀朗路一段220巷1~30號,2019,13200000.0,560462.8,RPVQMLRKKIOFFHF17CA
16594,永和區,房地(土地+建物)+車位,新北市永和區永平路302巷32弄1~30號,2020,16900000.0,561047.9,RPUOMLQJLHPFFHF76CA
35095,永和區,房地(土地+建物)+車位,永平路361~390號,2016,26000000.0,561286.0,RPOTNLMJPHPFFHF86DA
50900,永和區,房地(土地+建物)+車位,永平路301~330號,2020,36500000.0,561867.8,RPTNMLMJIIPFFHF68DA
3994,永和區,房地(土地+建物)+車位,新北市永和區秀朗路二段121~150號,2019,21400000.0,562079.3,RPTPMLTJKIOFFHF96CA
286,永和區,房地(土地+建物)+車位,新北市永和區永平路302巷32弄1~30號,2019,16900000.0,562783.5,RPQNMLLJKIOFFHF28CA
32936,永和區,房地(土地+建物)+車位,新北市永和區永平路331~360號,2016,31000000.0,563411.6,RPUUMLTKPHPFFHF18CA
22250,永和區,房地(土地+建物)+車位,新北市永和區秀朗路二段121~150號,2020,21400000.0,563762.0,RPUQMLPKMHPFFHF07CA
32898,永和區,房地(土地+建物)+車位,新北市永和區永平路361~390號,2016,29300000.0,563838.0,RPORMLMLPHPFFHF66CA
39467,永和區,房地(土地+建物)+車位,永平路301~330號,2017,27100000.0,564423.1,RPWTMLOLPHPFFHF97DA
24311,永和區,房地(土地+建物)+車位,新北市永和區仁愛路306巷31~60號,2020,35800000.0,564426.4,RPOPMLPJNHPFFHF98CA
48335,永和區,房地(土地+建物)+車位,永平路361~390號,2020,28200000.0,564998.3,RPUPMLLMPHPFFHF17DA
32916,永和區,房地(土地+建物)+車位,新北市永和區永平路361~390號,2017,33000000.0,565140.5,RPUSMLTKPHPFFHF97CA
6523,永和區,房地(土地+建物)+車位,新北市永和區信義路1~30號,2019,35200000.0,565533.9,RPUOMLNJJHPFFHF88CA
39711,永和區,房地(土地+建物)+車位,永平路361~390號,2017,39400000.0,566254.5,RPWRMLOLPHPFFHF77DA
38098,永和區,房地(土地+建物)+車位,永平路361~390號,2016,29500000.0,567795.0,RPOTMLMLPHPFFHF96DA
35094,永和區,房地(土地+建物)+車位,永平路361~390號,2016,37500000.0,568757.0,RPXSNLMJPHPFFHF67DA
11885,永和區,房地(土地+建物)+車位,新北市永和區秀朗路二段91~120號,2019,25000000.0,568819.8,RPPNMLKMJHPFFHF28CA
35061,永和區,房地(土地+建物)+車位,永平路331~360號,2017,31700000.0,569114.0,RPTPNLMJPHPFFHF96DA
4009,永和區,房地(土地+建物)+車位,新北市永和區秀朗路二段121~150號,2019,21800000.0,569454.5,RPVRMLTJKIOFFHF37CA
4004,永和區,房地(土地+建物)+車位,新北市永和區秀朗路二段121~150號,2019,21700000.0,569805.0,RPORMLTJKIOFFHF66CA
8352,永和區,房地(土地+建物)+車位,新北市永和區秀朗路二段121~150號,2019,21500000.0,569805.0,RPRQMLMJJHPFFHF68CA
36818,永和區,房地(土地+建物)+車位,永平路331~360號,2018,31100000.0,569828.1,RPWWNLPKPHPFFHF38DA
7244,永和區,房地(土地+建物)+車位,新北市永和區信義路1~30號,2019,34100000.0,570062.8,RPSPMLMJJHPFFHF68CA
32907,永和區,房地(土地+建物)+車位,新北市永和區永平路361~390號,2016,36900000.0,570383.5,RPVRMLTKPHPFFHF97CA
35087,永和區,房地(土地+建物)+車位,永平路361~390號,2016,39300000.0,570439.7,RPPSNLMJPHPFFHF86DA
1953,永和區,房地(土地+建物)+車位,新北市永和區永平路302巷32弄1~30號,2019,18000000.0,570525.6,RPWNMLLJKIOFFHF88CA
5209,永和區,房地(土地+建物)+車位,新北市永和區環河西路一段1~30號,2019,29800000.0,570753.7,RPRNMLPKKIOFFHF98DA
32923,永和區,房地(土地+建物)+車位,新北市永和區永平路361~390號,2017,40000000.0,571084.3,RPRTMLTKPHPFFHF77CA
22772,永和區,房地(土地+建物)+車位,新北市永和區永平路302巷32弄1~30號,2020,18100000.0,571613.2,RPWPMLRLMHPFFHF47CA
9429,永和區,房地(土地+建物)+車位,新北市永和區秀朗路二段121~150號,2019,17200000.0,572003.3,RPRPMLSJJHPFFHF56CA
22256,永和區,房地(土地+建物)+車位,新北市永和區秀朗路二段121~150號,2020,22000000.0,572403.3,RPXQMLOKMHPFFHF27CA
12325,永和區,房地(土地+建物)+車位,新北市永和區安樂路272巷9弄1~30號,2019,16000000.0,572803.3,RPWNMLLMJHPFFHF09CA
22755,永和區,房地(土地+建物)+車位,新北市永和區秀朗路二段121~150號,2019,21400000.0,573130.6,RPWPMLSLMHPFFHF57CA
9867,永和區,房地(土地+建物)+車位,新北市永和區保福路二段88巷1~30號,2019,25200000.0,573884.3,RPTNMLKKJHPFFHF58DA
32949,永和區,房地(土地+建物)+車位,新北市永和區永平路331~360號,2016,16400000.0,573983.5,RPXVMLTKPHPFFHF58CA
39752,永和區,房地(土地+建物)+車位,永平路331~360號,2020,15300000.0,574443.0,RPWUMLNJPHPFFHF77DA
36816,永和區,房地(土地+建物)+車位,永平路301~330號,2016,26400000.0,574664.5,RPUWNLPKPHPFFHF18DA
4001,永和區,房地(土地+建物)+車位,新北市永和區秀朗路二段121~150號,2019,22200000.0,575355.4,RPUQMLTJKIOFFHF17CA
11377,永和區,房地(土地+建物)+車位,新北市永和區仁愛路91~120號,2019,42000000.0,575847.9,RPSNMLMLJHPFFHF68CA
32900,永和區,房地(土地+建物)+車位,新北市永和區永平路361~390號,2016,29900000.0,575914.0,RPORMLTKPHPFFHF27CA
35081,永和區,房地(土地+建物)+車位,永平路301~330號,2017,33300000.0,575930.6,RPTRNLMJPHPFFHF17DA
3807,永和區,房地(土地+建物)+車位,新北市永和區秀朗路二段121~150號,2018,17100000.0,575947.1,RPQQMLOLKIOFFHF09CA
9428,永和區,房地(土地+建物)+車位,新北市永和區秀朗路二段121~150號,2019,17200000.0,575947.1,RPQPMLSJJHPFFHF09CA
32896,永和區,房地(土地+建物)+車位,新北市永和區永平路301~330號,2017,26600000.0,575993.4,RPRRMLMLPHPFFHF96CA
4011,永和區,房地(土地+建物)+車位,新北市永和區秀朗路二段121~150號,2019,25000000.0,576241.3,RPXRMLTJKIOFFHF57CA
288,永和區,房地(土地+建物)+車位,新北市永和區永平路302巷32弄1~30號,2019,21000000.0,576330.6,RPSNMLLJKIOFFHF48CA
24631,永和區,房地(土地+建物)+車位,新北市永和區秀朗路二段121~150號,2020,17300000.0,576737.2,RPQNMLSLMHPFFHF76CA
32908,永和區,房地(土地+建物)+車位,新北市永和區永平路361~390號,2016,38000000.0,576882.6,RPWRMLTKPHPFFHF08CA
35097,永和區,房地(土地+建物)+車位,永平路361~390號,2017,28400000.0,577150.4,RPQTNLMJPHPFFHF07DA
3836,永和區,房地(土地+建物)+車位,新北市永和區仁愛路306巷31~60號,2019,37100000.0,577302.5,RPWNMLOJKIOFFHF56CA
32992,永和區,房地(土地+建物)+車位,新北市永和區永平路331~360號,2018,31300000.0,578290.9,RPVQNLTKPHPFFHF97CA
9823,永和區,房地(土地+建物)+車位,新北市永和區永平路302巷32弄1~30號,2019,17100000.0,578462.8,RPPNMLMLJHPFFHF38CA
35063,永和區,房地(土地+建物)+車位,永平路331~360號,2020,31300000.0,578852.9,RPVPNLMJPHPFFHF17DA
30618,永和區,房地(土地+建物)+車位,新北市永和區永平路302巷32弄1~30號,2020,17500000.0,578886.0,RPUPMLMLOHPFFHF96CA
32933,永和區,房地(土地+建物)+車位,新北市永和區永平路331~360號,2017,33300000.0,579206.6,RPRUMLTKPHPFFHF87CA
3487,永和區,房地(土地+建物)+車位,新北市永和區秀朗路二段91~120號,2019,20700000.0,579778.5,RPSQMLOJKIOFFHF09CA
38090,永和區,房地(土地+建物)+車位,永平路331~360號,2017,23400000.0,580029.8,RPRTMLMLPHPFFHF27DA
56799,永和區,房地(土地+建物)+車位,永平路331~360號,2020,31700000.0,580257.9,RPQUMLOLPHPFFHF47DA
41975,永和區,房地(土地+建物)+車位,永平路331~360號,2020,14500000.0,580528.9,RPQRMLLKQHPFFHF86DA
20905,永和區,房地(土地+建物)+車位,新北市永和區秀朗路二段121~150號,2019,22200000.0,580667.8,RPXNMLNKMHPFFHF86CA
14531,永和區,房地(土地+建物)+車位,新北市永和區秀朗路二段121~150號,2020,17600000.0,581077.7,RPRSMLQJLHPFFHF86CA
642,永和區,房地(土地+建物)+車位,新北市永和區仁愛路306巷31~60號,2019,31800000.0,581243.0,RPWQMLTKJIOFFHF37CA
33244,永和區,房地(土地+建物)+車位,新北市永和區永平路361~390號,2016,39900000.0,581434.7,RPPRMLMLPHPFFHF76CA
32968,永和區,房地(土地+建物)+車位,新北市永和區永平路331~360號,2016,26100000.0,582105.8,RPWNNLTKPHPFFHF77CA
17754,永和區,房地(土地+建物)+車位,新北市永和區仁愛路306巷31~60號,2019,35500000.0,582462.8,RPOOMLSKLHPFFHF09CA
1629,永和區,房地(土地+建物)+車位,新北市永和區仁愛路306巷31~60號,2019,38800000.0,582476.0,RPTOMLTLJIOFFHF96CA
36161,永和區,房地(土地+建物)+車位,永平路361~390號,2016,40800000.0,583315.7,RPUPMLOKPHPFFHF27DA
35105,永和區,房地(土地+建物)+車位,永平路301~330號,2017,33800000.0,583874.4,RPOUNLMJPHPFFHF96DA
18109,永和區,房地(土地+建物)+車位,新北市永和區安樂路194巷1~30號,2020,20300000.0,583927.3,RPSNMLNLLHPFFHF98CA
32939,永和區,房地(土地+建物)+車位,新北市永和區永平路331~360號,2016,14200000.0,584165.3,RPXUMLTKPHPFFHF48CA
17630,永和區,房地(土地+建物)+車位,新北市永和區秀朗路二段121~150號,2020,23000000.0,584208.3,RPPNMLKKLHPFFHF28CA
32984,永和區,房地(土地+建物)+車位,新北市永和區永平路331~360號,2016,14500000.0,584214.9,RPXPNLTKPHPFFHF08CA
32917,永和區,房地(土地+建物)+車位,新北市永和區永平路361~390號,2017,36000000.0,584247.9,RPVSMLTKPHPFFHF08CA
32950,永和區,房地(土地+建物)+車位,新北市永和區永平路331~360號,2016,14100000.0,584674.4,RPOWMLTKPHPFFHF77CA
32884,永和區,房地(土地+建物)+車位,新北市永和區永平路331~360號,2017,23600000.0,584856.2,RPVPMLKLPHPFFHF96CA
32951,永和區,房地(土地+建物)+車位,新北市永和區永平路331~360號,2016,14300000.0,585133.9,RPPWMLTKPHPFFHF87CA
36817,永和區,房地(土地+建物)+車位,永平路301~330號,2016,26900000.0,585173.6,RPVWNLPKPHPFFHF28DA
35056,永和區,房地(土地+建物)+車位,永平路361~390號,2019,28600000.0,585272.7,RPOPNLMJPHPFFHF09DA
35057,永和區,房地(土地+建物)+車位,永平路361~390號,2019,29300000.0,585930.6,RPPPNLMJPHPFFHF56DA
32895,永和區,房地(土地+建物)+車位,新北市永和區永平路331~360號,2018,27100000.0,585933.9,RPQRMLMLPHPFFHF86CA
1172,永和區,房地(土地+建物)+車位,新北市永和區永平路302巷32弄1~30號,2019,17700000.0,586092.6,RPTNMLLJKIOFFHF58CA
32969,永和區,房地(土地+建物)+車位,新北市永和區永平路331~360號,2017,26400000.0,586175.2,RPXNNLTKPHPFFHF87CA
35103,永和區,房地(土地+建物)+車位,永平路331~360號,2019,31600000.0,586264.5,RPWTNLMJPHPFFHF67DA
35078,永和區,房地(土地+建物)+車位,永平路301~330號,2016,14300000.0,586360.3,RPQRNLMJPHPFFHF86DA
39468,永和區,房地(土地+建物)+車位,永平路331~360號,2020,31800000.0,586429.8,RPRTMLOLPHPFFHF47DA
37793,永和區,房地(土地+建物)+車位,永平路331~360號,2020,15000000.0,586495.9,RPPVMLNJPHPFFHF17DA
30617,永和區,房地(土地+建物)+車位,新北市永和區永平路302巷32弄1~30號,2020,17000000.0,587153.7,RPSPMLMLOHPFFHF76CA
2434,永和區,房地(土地+建物)+車位,新北市永和區秀朗路二段91~120號,2019,22000000.0,587590.1,RPPRMLMJKIOFFHF68CA
35101,永和區,房地(土地+建物)+車位,永平路301~330號,2019,28000000.0,588119.0,RPUTNLMJPHPFFHF47DA
35086,永和區,房地(土地+建物)+車位,永平路361~390號,2016,36100000.0,588290.9,RPOSNLMJPHPFFHF76DA
35089,永和區,房地(土地+建物)+車位,永平路361~390號,2017,30800000.0,588317.4,RPSSNLMJPHPFFHF17DA
35051,永和區,房地(土地+建物)+車位,永平路361~390號,2020,29000000.0,589970.2,RPSONLMJPHPFFHF76DA
35082,永和區,房地(土地+建物)+車位,永平路301~330號,2017,34700000.0,590155.4,RPURNLMJPHPFFHF27DA
32885,永和區,房地(土地+建物)+車位,新北市永和區永平路331~360號,2017,23900000.0,590221.5,RPWPMLKLPHPFFHF07CA
47389,永和區,房地(土地+建物)+車位,永平路331~360號,2020,32300000.0,590353.7,RPPOMLTKQHPFFHF27DA
34117,永和區,房地(土地+建物)+車位,新北市永和區永平路302巷32弄1~30號,2020,17500000.0,590386.8,RPRNMLOJPHPFFHF66DA
650,永和區,房地(土地+建物)+車位,新北市永和區信義路1~30號,2019,37900000.0,590528.9,RPVPMLQLJIOFFHF96CA
32975,永和區,房地(土地+建物)+車位,新北市永和區永平路301~330號,2017,27800000.0,590618.2,RPOPNLTKPHPFFHF17CA
35077,永和區,房地(土地+建物)+車位,永平路301~330號,2017,27400000.0,591243.0,RPPRNLMJPHPFFHF76DA
32924,永和區,房地(土地+建物)+車位,新北市永和區永平路361~390號,2016,40800000.0,591365.3,RPSTMLTKPHPFFHF87CA
36815,永和區,房地(土地+建物)+車位,永平路331~360號,2017,26700000.0,591586.8,RPTWNLPKPHPFFHF08DA
651,永和區,房地(土地+建物)+車位,新北市永和區安樂路91~120號,2019,26200000.0,591752.1,RPTOMLRLJIOFFHF76CA
32886,永和區,房地(土地+建物)+車位,新北市永和區永平路331~360號,2017,24100000.0,592370.2,RPXPMLKLPHPFFHF17CA
32887,永和區,房地(土地+建物)+車位,新北市永和區永平路331~360號,2017,23900000.0,592905.8,RPOQMLKLPHPFFHF98CA
32901,永和區,房地(土地+建物)+車位,新北市永和區永平路361~390號,2017,30200000.0,593405.0,RPPRMLTKPHPFFHF37CA
32926,永和區,房地(土地+建物)+車位,新北市永和區永平路361~390號,2019,29000000.0,593854.5,RPUTMLTKPHPFFHF08CA
15799,永和區,房地(土地+建物)+車位,新北市永和區秀朗路二段121~150號,2020,22000000.0,593990.1,RPOQMLOLKHPFFHF88CA
34986,永和區,房地(土地+建物)+車位,永平路361~390號,2017,31200000.0,594029.8,RPVOMLRKPHPFFHF67EA
32937,永和區,房地(土地+建物)+車位,新北市永和區永平路331~360號,2016,31900000.0,594277.7,RPVUMLTKPHPFFHF28CA
32909,永和區,房地(土地+建物)+車位,新北市永和區永平路361~390號,2016,40700000.0,594433.1,RPXRMLTKPHPFFHF18CA
53239,永和區,房地(土地+建物)+車位,永平路301~330號,2020,28600000.0,594631.4,RPQPMLOLRHPFFHF17DA
38093,永和區,房地(土地+建物)+車位,永平路301~330號,2017,34000000.0,594770.2,RPVTMLMLPHPFFHF67DA
32928,永和區,房地(土地+建物)+車位,新北市永和區永平路331~360號,2017,23100000.0,594872.7,RPWTMLTKPHPFFHF28CA
41313,永和區,房地(土地+建物)+車位,永平路331~360號,2020,32700000.0,594928.9,RPOTMLOLPHPFFHF17DA
233,永和區,房地(土地+建物)+車位,新北市永和區保福路二段88巷1~30號,2019,29000000.0,595738.8,RPPRMLMKJIOFFHF78DA
35080,永和區,房地(土地+建物)+車位,永平路331~360號,2020,32700000.0,595738.8,RPSRNLMJPHPFFHF07DA
32964,永和區,房地(土地+建物)+車位,新北市永和區永平路331~360號,2016,26000000.0,595990.1,RPSNNLTKPHPFFHF37CA
35104,永和區,房地(土地+建物)+車位,永平路331~360號,2019,32600000.0,596135.5,RPXTNLMJPHPFFHF77DA
35053,永和區,房地(土地+建物)+車位,永平路361~390號,2016,30600000.0,596836.4,RPUONLMJPHPFFHF96DA
32976,永和區,房地(土地+建物)+車位,新北市永和區永平路301~330號,2017,28300000.0,596909.1,RPPPNLTKPHPFFHF27CA
32888,永和區,房地(土地+建物)+車位,新北市永和區永平路331~360號,2017,24200000.0,598271.1,RPPQMLKLPHPFFHF09CA
11544,永和區,房地(土地+建物)+車位,新北市永和區永平路302巷32弄1~30號,2019,22000000.0,598783.5,RPOOMLQJKHPFFHF68CA
38099,永和區,房地(土地+建物)+車位,永平路331~360號,2017,26900000.0,599262.8,RPPTMLMLPHPFFHF07DA
35062,永和區,房地(土地+建物)+車位,永平路331~360號,2020,33000000.0,599391.7,RPUPNLMJPHPFFHF07DA
35052,永和區,房地(土地+建物)+車位,永平路361~390號,2016,30700000.0,599649.6,RPTONLMJPHPFFHF86DA
35102,永和區,房地(土地+建物)+車位,永平路301~330號,2020,28400000.0,599871.1,RPVTNLMJPHPFFHF57DA
32993,永和區,房地(土地+建物)+車位,新北市永和區永平路301~330號,2017,34600000.0,600128.9,RPWQNLTKPHPFFHF08CA
32938,永和區,房地(土地+建物)+車位,新北市永和區永平路331~360號,2018,32900000.0,600162.0,RPWUMLTKPHPFFHF38CA
48392,永和區,房地(土地+建物)+車位,永平路331~360號,2017,36600000.0,600476.0,RPRUMLOLPHPFFHF57DA
35060,永和區,房地(土地+建物)+車位,永平路331~360號,2018,23100000.0,601305.8,RPSPNLMJPHPFFHF86DA
11542,永和區,房地(土地+建物)+車位,新北市永和區永平路302巷32弄1~30號,2019,17800000.0,601586.8,RPUOMLQJKHPFFHF66CA
32973,永和區,房地(土地+建物)+車位,新北市永和區永平路331~360號,2019,24500000.0,602912.4,RPWONLTKPHPFFHF87CA
32902,永和區,房地(土地+建物)+車位,新北市永和區永平路361~390號,2017,30700000.0,603100.8,RPQRMLTKPHPFFHF47CA
53236,永和區,房地(土地+建物)+車位,永平路331~360號,2020,33100000.0,603276.0,RPVPMLTJRHPFFHF97DA
35073,永和區,房地(土地+建物)+車位,永平路301~330號,2017,22200000.0,603286.0,RPVQNLMJPHPFFHF27DA
51596,永和區,房地(土地+建物)+車位,永平路301~330號,2020,30600000.0,603702.5,RPRPMLOLRHPFFHF27DA
56800,永和區,房地(土地+建物)+車位,永平路331~360號,2020,32600000.0,604082.6,RPSQMLLLIIPFFHF98DA
35071,永和區,房地(土地+建物)+車位,永平路331~360號,2019,24600000.0,604525.6,RPTQNLMJPHPFFHF07DA
35098,永和區,房地(土地+建物)+車位,永平路361~390號,2019,29900000.0,605950.4,RPRTNLMJPHPFFHF17DA
36810,永和區,房地(土地+建物)+車位,永平路361~390號,2016,41100000.0,606333.9,RPOWNLPKPHPFFHF57DA
32967,永和區,房地(土地+建物)+車位,新北市永和區永平路331~360號,2017,26500000.0,607209.9,RPVNNLTKPHPFFHF67CA
38700,永和區,房地(土地+建物)+車位,永平路331~360號,2020,15100000.0,607249.6,RPXUMLNJPHPFFHF87DA
38091,永和區,房地(土地+建物)+車位,永平路301~330號,2018,28000000.0,607725.6,RPSTMLMLPHPFFHF37DA
35072,永和區,房地(土地+建物)+車位,永平路331~360號,2019,24700000.0,607755.4,RPUQNLMJPHPFFHF17DA
34985,永和區,房地(土地+建物)+車位,永平路361~390號,2019,35500000.0,608132.2,RPQUMLPKPHPFFHF57EA
32905,永和區,房地(土地+建物)+車位,新北市永和區永平路361~390號,2016,33100000.0,608700.8,RPTRMLTKPHPFFHF77CA
32918,永和區,房地(土地+建物)+車位,新北市永和區永平路361~390號,2016,37100000.0,609418.2,RPWSMLTKPHPFFHF18CA
35067,永和區,房地(土地+建物)+車位,永平路331~360號,2019,26400000.0,609702.5,RPPQNLMJPHPFFHF66DA
32904,永和區,房地(土地+建物)+車位,新北市永和區永平路361~390號,2018,33000000.0,609745.5,RPSRMLTKPHPFFHF67CA
32966,永和區,房地(土地+建物)+車位,新北市永和區永平路331~360號,2018,26500000.0,610198.3,RPUNNLTKPHPFFHF57CA
39472,永和區,房地(土地+建物)+車位,永平路331~360號,2017,23700000.0,610254.5,RPQSMLOLPHPFFHF27DA
32910,永和區,房地(土地+建物)+車位,新北市永和區永平路361~390號,2016,39600000.0,610360.3,RPOSMLTKPHPFFHF37CA
50449,永和區,房地(土地+建物)+車位,永平路331~360號,2020,35600000.0,611038.0,RPPTMLOLPHPFFHF27DA
41316,永和區,房地(土地+建物)+車位,永平路301~330號,2020,27900000.0,611229.8,RPOUMLOLPHPFFHF27DA
41314,永和區,房地(土地+建物)+車位,永平路361~390號,2019,29500000.0,611447.9,RPOSMLOLPHPFFHF07DA
14528,永和區,房地(土地+建物)+車位,新北市永和區永平路302巷32弄1~30號,2020,18100000.0,611471.1,RPPQMLQJLHPFFHF09CA
36805,永和區,房地(土地+建物)+車位,永平路361~390號,2017,42700000.0,611494.2,RPWTNLPKPHPFFHF08DA
32903,永和區,房地(土地+建物)+車位,新北市永和區永平路361~390號,2017,34000000.0,611834.7,RPRRMLTKPHPFFHF57CA
32906,永和區,房地(土地+建物)+車位,新北市永和區永平路361~390號,2016,31300000.0,611874.4,RPURMLTKPHPFFHF87CA
35058,永和區,房地(土地+建物)+車位,永平路361~390號,2019,29700000.0,611887.6,RPQPNLMJPHPFFHF66DA
39465,永和區,房地(土地+建物)+車位,永平路301~330號,2020,29600000.0,612400.0,RPPUMLOLPHPFFHF37DA
35076,永和區,房地(土地+建物)+車位,永平路301~330號,2017,29000000.0,612856.2,RPORNLMJPHPFFHF66DA
32931,永和區,房地(土地+建物)+車位,新北市永和區永平路331~360號,2017,24300000.0,613074.4,RPPUMLTKPHPFFHF67CA
32925,永和區,房地(土地+建物)+車位,新北市永和區永平路361~390號,2016,42700000.0,613414.9,RPTTMLTKPHPFFHF97CA
37089,永和區,房地(土地+建物)+車位,永平路331~360號,2020,24700000.0,613679.3,RPVSMLQKPHPFFHF87DA
47395,永和區,房地(土地+建物)+車位,永平路301~330號,2020,28100000.0,614737.2,RPUQMLLMQHPFFHF37DA
32971,永和區,房地(土地+建物)+車位,新北市永和區永平路331~360號,2017,27400000.0,614856.2,RPPONLTKPHPFFHF17CA
35068,永和區,房地(土地+建物)+車位,永平路331~360號,2017,26800000.0,615180.2,RPQQNLMJPHPFFHF76DA
50771,永和區,房地(土地+建物)+車位,永平路331~360號,2020,23900000.0,615289.3,RPRNMLKMRHPFFHF86EA
32930,永和區,房地(土地+建物)+車位,新北市永和區永平路331~360號,2018,23700000.0,615596.7,RPOUMLTKPHPFFHF57CA
48396,永和區,房地(土地+建物)+車位,永平路301~330號,2020,28400000.0,615904.1,RPPQMLTJRHPFFHF47DA
32953,永和區,房地(土地+建物)+車位,新北市永和區永平路331~360號,2016,14900000.0,616396.7,RPRWMLTKPHPFFHF08CA
35069,永和區,房地(土地+建物)+車位,永平路331~360號,2019,27200000.0,616426.4,RPRQNLMJPHPFFHF86DA
56202,永和區,房地(土地+建物)+車位,永平路301~330號,2020,28700000.0,616502.5,RPXTMLOLPHPFFHF08DA
35100,永和區,房地(土地+建物)+車位,永平路331~360號,2017,24700000.0,616783.5,RPTTNLMJPHPFFHF37DA
16145,永和區,房地(土地+建物)+車位,新北市永和區安樂路144巷1~30號,2019,16500000.0,617904.1,RPROMLRLKHPFFHF76DA
32897,永和區,房地(土地+建物)+車位,新北市永和區永平路331~360號,2017,15300000.0,617930.6,RPSRMLMLPHPFFHF07CA
32978,永和區,房地(土地+建物)+車位,新北市永和區永平路301~330號,2016,15100000.0,618208.3,RPRPNLTKPHPFFHF47CA
32989,永和區,房地(土地+建物)+車位,新北市永和區永平路331~360號,2016,14800000.0,618254.5,RPSQNLTKPHPFFHF67CA
32940,永和區,房地(土地+建物)+車位,新北市永和區永平路331~360號,2016,15000000.0,618254.5,RPOVMLTKPHPFFHF67CA
39753,永和區,房地(土地+建物)+車位,永平路301~330號,2020,22500000.0,618753.7,RPWTMLNJPHPFFHF67DA
32987,永和區,房地(土地+建物)+車位,新北市永和區永平路331~360號,2017,15100000.0,618852.9,RPQQNLTKPHPFFHF47CA
32986,永和區,房地(土地+建物)+車位,新北市永和區永平路331~360號,2016,15000000.0,618852.9,RPPQNLTKPHPFFHF37CA
39462,永和區,房地(土地+建物)+車位,永平路331~360號,2020,28200000.0,618935.5,RPWTMLMLPHPFFHF77DA
55864,永和區,房地(土地+建物)+車位,永平路331~360號,2020,24300000.0,619239.7,RPXPMLMJJIPFFHF86EA
32929,永和區,房地(土地+建物)+車位,新北市永和區永平路331~360號,2016,24000000.0,619239.7,RPXTMLTKPHPFFHF38CA
6663,永和區,房地(土地+建物)+車位,新北市永和區安樂路241~270號,2019,38800000.0,619401.7,RPQNMLLKKHPFFHF58EA
35070,永和區,房地(土地+建物)+車位,永平路331~360號,2020,27000000.0,619414.9,RPSQNLMJPHPFFHF96DA
32911,永和區,房地(土地+建物)+車位,新北市永和區永平路361~390號,2016,42100000.0,619457.9,RPPSMLTKPHPFFHF47CA
36819,永和區,房地(土地+建物)+車位,永平路331~360號,2020,33500000.0,619821.5,RPONOLPKPHPFFHF76DA
35054,永和區,房地(土地+建物)+車位,永平路361~390號,2016,39900000.0,619957.0,RPVONLMJPHPFFHF07DA
36811,永和區,房地(土地+建物)+車位,永平路361~390號,2019,30500000.0,620247.9,RPPWNLPKPHPFFHF67DA
35059,永和區,房地(土地+建物)+車位,永平路361~390號,2019,30100000.0,620247.9,RPRPNLMJPHPFFHF76DA
32912,永和區,房地(土地+建物)+車位,新北市永和區永平路361~390號,2017,43000000.0,620446.3,RPQSMLTKPHPFFHF57CA
32994,永和區,房地(土地+建物)+車位,新北市永和區永平路301~330號,2018,38000000.0,621005.0,RPXQNLTKPHPFFHF18CA
32890,永和區,房地(土地+建物)+車位,新北市永和區永平路361~390號,2016,43000000.0,621176.9,RPRQMLKLPHPFFHF66CA
55695,永和區,房地(土地+建物)+車位,永平路301~330號,2020,22200000.0,621180.2,RPPPMLOLRHPFFHF07DA
41311,永和區,房地(土地+建物)+車位,永平路331~360號,2020,25200000.0,621213.2,RPROMLKMPHPFFHF66DA
1959,永和區,房地(土地+建物)+車位,新北市永和區永平路302巷32弄1~30號,2016,20600000.0,621239.7,RPSOMLLJKIOFFHF58CA
48393,永和區,房地(土地+建物)+車位,永平路301~330號,2017,37900000.0,621375.2,RPSUMLOLPHPFFHF67DA
35079,永和區,房地(土地+建物)+車位,永平路331~360號,2016,15200000.0,621623.1,RPRRNLMJPHPFFHF96DA
9891,永和區,房地(土地+建物)+車位,新北市永和區環河東路一段61~90號,2019,19900000.0,621692.6,RPVQMLRKJHPFFHF27EA
35090,永和區,房地(土地+建物)+車位,永平路331~360號,2020,34900000.0,621795.0,RPTSNLMJPHPFFHF27DA
35096,永和區,房地(土地+建物)+車位,永平路361~390號,2020,35700000.0,621914.0,RPPTNLMJPHPFFHF96DA
36813,永和區,房地(土地+建物)+車位,永平路331~360號,2016,15000000.0,622000.0,RPRWNLPKPHPFFHF87DA
36762,永和區,房地(土地+建物)+車位,永平路301~330號,2020,31100000.0,622611.6,RPTTMLMLPHPFFHF57EA
32979,永和區,房地(土地+建物)+車位,新北市永和區永平路301~330號,2016,15000000.0,622856.2,RPSPNLTKPHPFFHF57CA
32980,永和區,房地(土地+建物)+車位,新北市永和區永平路301~330號,2016,15000000.0,622856.2,RPTPNLTKPHPFFHF67CA
32943,永和區,房地(土地+建物)+車位,新北市永和區永平路331~360號,2017,15100000.0,622938.8,RPRVMLTKPHPFFHF97CA
32985,永和區,房地(土地+建物)+車位,新北市永和區永平路331~360號,2016,17100000.0,623471.1,RPOQNLTKPHPFFHF27CA
35074,永和區,房地(土地+建物)+車位,永平路301~330號,2016,22100000.0,624390.1,RPWQNLMJPHPFFHF37DA
36809,永和區,房地(土地+建物)+車位,永平路361~390號,2018,38700000.0,624667.8,RPXVNLPKPHPFFHF38DA
32955,永和區,房地(土地+建物)+車位,新北市永和區永平路331~360號,2016,15100000.0,624717.4,RPTWMLTKPHPFFHF28CA
35091,永和區,房地(土地+建物)+車位,永平路331~360號,2019,36300000.0,624757.0,RPUSNLMJPHPFFHF37DA
54393,永和區,房地(土地+建物)+車位,永平路331~360號,2020,27800000.0,624932.2,RPPOMLKMPHPFFHF09DA
32954,永和區,房地(土地+建物)+車位,新北市永和區永平路331~360號,2016,15300000.0,625180.2,RPSWMLTKPHPFFHF18CA
47394,永和區,房地(土地+建物)+車位,永平路331~360號,2020,25000000.0,626598.3,RPTQMLLMQHPFFHF27DA
32981,永和區,房地(土地+建物)+車位,新北市永和區永平路301~330號,2016,15100000.0,627504.1,RPUPNLTKPHPFFHF77CA
32990,永和區,房地(土地+建物)+車位,新北市永和區永平路331~360號,2016,15000000.0,627619.8,RPTQNLTKPHPFFHF77CA
37807,永和區,房地(土地+建物)+車位,永平路331~360號,2020,27200000.0,628380.2,RPXTMLMLPHPFFHF87DA
53238,永和區,房地(土地+建物)+車位,永平路331~360號,2020,28200000.0,628770.2,RPOPMLOLRHPFFHF96DA
32941,永和區,房地(土地+建物)+車位,新北市永和區永平路331~360號,2016,15100000.0,629963.6,RPPVMLTKPHPFFHF77CA
32932,永和區,房地(土地+建物)+車位,新北市永和區永平路331~360號,2016,24700000.0,630446.3,RPQUMLTKPHPFFHF77CA
32961,永和區,房地(土地+建物)+車位,新北市永和區永平路331~360號,2016,15200000.0,630757.0,RPPNNLTKPHPFFHF07CA
39713,永和區,房地(土地+建物)+車位,永平路361~390號,2020,36600000.0,631051.2,RPQTMLRJPHPFFHF47DA
49013,永和區,房地(土地+建物)+車位,永平路331~360號,2020,25400000.0,631980.2,RPSQMLLMQHPFFHF17DA
39466,永和區,房地(土地+建物)+車位,永平路331~360號,2019,27600000.0,632614.9,RPUTMLOLPHPFFHF77DA
32995,永和區,房地(土地+建物)+車位,新北市永和區永平路301~330號,2018,35900000.0,635500.8,RPORNLTKPHPFFHF37CA
55693,永和區,房地(土地+建物)+車位,永平路331~360號,2020,29100000.0,635728.9,RPOPMLKMRHPFFHF66DA
44854,永和區,房地(土地+建物)+車位,永平路331~360號,2020,15800000.0,635814.9,RPVOMLSLQHPFFHF87DA
32996,永和區,房地(土地+建物)+車位,新北市永和區永平路301~330號,2019,36300000.0,635871.1,RPPRNLTKPHPFFHF47CA
35099,永和區,房地(土地+建物)+車位,永平路331~360號,2019,24600000.0,636049.6,RPSTNLMJPHPFFHF27DA
36814,永和區,房地(土地+建物)+車位,永平路331~360號,2016,15400000.0,636337.2,RPSWNLPKPHPFFHF97DA
41327,永和區,房地(土地+建物)+車位,永平路331~360號,2020,27400000.0,636598.3,RPTOMLQJQHPFFHF27DA
40541,永和區,房地(土地+建物)+車位,永平路331~360號,2018,15500000.0,636740.5,RPSTMLOLPHPFFHF57DA
32945,永和區,房地(土地+建物)+車位,新北市永和區永平路331~360號,2017,15500000.0,636988.4,RPTVMLTKPHPFFHF18CA
32892,永和區,房地(土地+建物)+車位,新北市永和區永平路331~360號,2017,15500000.0,637266.1,RPTQMLKLPHPFFHF86CA
32956,永和區,房地(土地+建物)+車位,新北市永和區永平路331~360號,2018,15700000.0,638128.9,RPUWMLTKPHPFFHF38CA
32891,永和區,房地(土地+建物)+車位,新北市永和區永平路331~360號,2016,15700000.0,638128.9,RPSQMLKLPHPFFHF76CA
52622,永和區,房地(土地+建物)+車位,永平路361~390號,2020,36400000.0,638403.3,RPWQMLQKRHPFFHF97DA
32997,永和區,房地(土地+建物)+車位,新北市永和區永平路301~330號,2019,38500000.0,638614.9,RPQRNLTKPHPFFHF57CA
32958,永和區,房地(土地+建物)+車位,新北市永和區永平路331~360號,2016,15700000.0,639054.5,RPWWMLTKPHPFFHF58CA
35065,永和區,房地(土地+建物)+車位,永平路331~360號,2017,15500000.0,639124.0,RPXPNLMJPHPFFHF37DA
35084,永和區,房地(土地+建物)+車位,永平路361~390號,2016,43300000.0,639335.5,RPWRNLMJPHPFFHF47DA
35064,永和區,房地(土地+建物)+車位,永平路331~360號,2017,15700000.0,639517.4,RPWPNLMJPHPFFHF27DA
11376,永和區,房地(土地+建物)+車位,新北市永和區秀朗路一段220巷1~30號,2019,16300000.0,639742.1,RPUOMLOJKHPFFHF09CA
32960,永和區,房地(土地+建物)+車位,新北市永和區永平路331~360號,2016,15600000.0,640052.9,RPONNLTKPHPFFHF96CA
42950,永和區,房地(土地+建物)+車位,永平路361~390號,2020,44700000.0,640052.9,RPSRMLSLPHPFFHF77DA
32962,永和區,房地(土地+建物)+車位,新北市永和區永平路331~360號,2017,15500000.0,640519.0,RPQNNLTKPHPFFHF17CA
39470,永和區,房地(土地+建物)+車位,永平路361~390號,2019,39800000.0,640542.1,RPTRMLOLPHPFFHF47DA
44501,永和區,房地(土地+建物)+車位,永平路331~360號,2020,27500000.0,641332.2,RPUOMLQJQHPFFHF37DA
32991,永和區,房地(土地+建物)+車位,新北市永和區永平路331~360號,2017,15600000.0,641672.7,RPUQNLTKPHPFFHF87CA
32947,永和區,房地(土地+建物)+車位,新北市永和區永平路331~360號,2017,15500000.0,641672.7,RPVVMLTKPHPFFHF38CA
32942,永和區,房地(土地+建物)+車位,新北市永和區永平路331~360號,2016,15400000.0,641672.7,RPQVMLTKPHPFFHF87CA
32988,永和區,房地(土地+建物)+車位,新北市永和區永平路331~360號,2018,15800000.0,641943.8,RPRQNLTKPHPFFHF57CA
39473,永和區,房地(土地+建物)+車位,永平路331~360號,2020,24700000.0,643897.5,RPTSMLOLPHPFFHF57DA
32946,永和區,房地(土地+建物)+車位,新北市永和區永平路331~360號,2017,15700000.0,645418.2,RPUVMLTKPHPFFHF28CA
45590,永和區,房地(土地+建物)+車位,永平路331~360號,2020,16000000.0,645639.7,RPVNMLOJRHPFFHF37EA
32948,永和區,房地(土地+建物)+車位,新北市永和區永平路331~360號,2017,15700000.0,646357.0,RPWVMLTKPHPFFHF48CA
11449,永和區,房地(土地+建物)+車位,新北市永和區環河東路一段61~90號,2020,20600000.0,646446.3,RPPQMLKLJHPFFHF68EA
41312,永和區,房地(土地+建物)+車位,永平路331~360號,2020,24800000.0,647259.5,RPUSMLOLPHPFFHF67DA
35031,永和區,房地(土地+建物)+車位,永平路361~390號,2016,48000000.0,648095.9,RPOUMLNJPHPFFHF96DA
32893,永和區,房地(土地+建物)+車位,新北市永和區永平路301~330號,2017,15800000.0,648886.0,RPUQMLKLPHPFFHF96CA
11375,永和區,房地(土地+建物)+車位,新北市永和區秀朗路一段220巷1~30號,2019,15000000.0,649163.6,RPROMLOJKHPFFHF78CA
32914,永和區,房地(土地+建物)+車位,新北市永和區永平路361~390號,2017,43900000.0,649269.4,RPSSMLTKPHPFFHF77CA
32957,永和區,房地(土地+建物)+車位,新北市永和區永平路331~360號,2018,15700000.0,649689.3,RPVWMLTKPHPFFHF48CA
32913,永和區,房地(土地+建物)+車位,新北市永和區永平路361~390號,2016,44900000.0,649758.7,RPRSMLTKPHPFFHF67CA
35106,永和區,房地(土地+建物)+車位,永平路361~390號,2017,45000000.0,650056.2,RPVPMLKKPHPFFHF96DA
32983,永和區,房地(土地+建物)+車位,新北市永和區永平路301~330號,2017,15900000.0,654462.8,RPWPNLTKPHPFFHF97CA
32919,永和區,房地(土地+建物)+車位,新北市永和區永平路361~390號,2018,37900000.0,655001.7,RPXSMLTKPHPFFHF28CA
35066,永和區,房地(土地+建物)+車位,永平路331~360號,2017,16000000.0,656786.8,RPOQNLMJPHPFFHF56DA
32963,永和區,房地(土地+建物)+車位,新北市永和區永平路331~360號,2017,15900000.0,659110.7,RPRNNLTKPHPFFHF27CA
35032,永和區,房地(土地+建物)+車位,永平路361~390號,2018,43100000.0,659609.9,RPRUMLNJPHPFFHF27DA
32998,永和區,房地(土地+建物)+車位,新北市永和區永平路301~330號,2016,21300000.0,660548.8,RPRRNLTKPHPFFHF67CA
28437,永和區,房地(土地+建物)+車位,新北市永和區仁愛路241~270號,2020,34400000.0,662066.1,RPUNMLRLNHPFFHF17CA
3919,永和區,房地(土地+建物)+車位,新北市永和區環河東路一段31~60號,2019,21500000.0,662538.8,RPRRMLSKKIOFFHF17EA
4770,永和區,房地(土地+建物)+車位,新北市永和區環河東路一段31~60號,2019,21500000.0,662886.0,RPWRMLSKKIOFFHF67EA
32999,永和區,房地(土地+建物)+車位,新北市永和區永平路301~330號,2016,21400000.0,663933.9,RPSRNLTKPHPFFHF77CA
35075,永和區,房地(土地+建物)+車位,永平路301~330號,2020,23600000.0,664631.4,RPXQNLMJPHPFFHF47DA
35055,永和區,房地(土地+建物)+車位,永平路361~390號,2020,38000000.0,666978.5,RPXONLMJPHPFFHF27DA
33000,永和區,房地(土地+建物)+車位,新北市永和區永平路301~330號,2019,21500000.0,667322.3,RPTRNLTKPHPFFHF87CA
1184,永和區,房地(土地+建物)+車位,新北市永和區仁愛路241~270號,2019,35300000.0,668532.2,RPVOMLTKJIOFFHF07CA
10905,永和區,房地(土地+建物)+車位,新北市永和區環河東路一段31~60號,2019,21800000.0,669447.9,RPOSMLKMJHPFFHF88EA
29847,永和區,房地(土地+建物)+車位,新北市永和區仁愛路241~270號,2020,35800000.0,669527.3,RPXNMLPJOHPFFHF17CA
5222,永和區,房地(土地+建物)+車位,新北市永和區環河東路一段31~60號,2019,41000000.0,670694.2,RPXRMLSKKIOFFHF77EA
10544,永和區,房地(土地+建物)+車位,新北市永和區仁愛路241~270號,2019,39100000.0,672380.2,RPROMLOKJHPFFHF78CA
30606,永和區,房地(土地+建物)+車位,新北市永和區仁愛路241~270號,2019,39300000.0,672380.2,RPRNMLLKOHPFFHF88CA
631,永和區,房地(土地+建物)+車位,新北市永和區仁愛路241~270號,2019,36300000.0,674819.8,RPXQMLNKJIOFFHF86CA
630,永和區,房地(土地+建物)+車位,新北市永和區仁愛路241~270號,2019,35700000.0,675014.9,RPWQMLNKJIOFFHF76CA
22868,永和區,房地(土地+建物)+車位,新北市永和區環河東路一段31~60號,2020,41400000.0,675028.1,RPXOMLLLMHPFFHF07EA
5603,永和區,房地(土地+建物)+車位,新北市永和區仁愛路241~270號,2019,35800000.0,675216.5,RPRNMLQKKIOFFHF98CA
6238,永和區,房地(土地+建物)+車位,新北市永和區仁愛路91~120號,2019,57300000.0,675381.8,RPXPMLMJJHPFFHF56CA
6664,永和區,房地(土地+建物)+車位,新北市永和區環河東路一段31~60號,2019,52200000.0,675580.2,RPPRMLSJJHPFFHF76EA
146,永和區,房地(土地+建物)+車位,新北市永和區仁愛路241~270號,2019,34900000.0,675649.6,RPTNMLMKJIOFFHF68CA
2937,永和區,房地(土地+建物)+車位,新北市永和區仁愛路241~270號,2019,35900000.0,675824.8,RPSPMLSLJIOFFHF86CA
12317,永和區,房地(土地+建物)+車位,新北市永和區仁愛路241~270號,2019,39700000.0,677844.6,RPWPMLMLJHPFFHF66CA
3082,永和區,房地(土地+建物)+車位,新北市永和區仁愛路241~270號,2019,36500000.0,679203.3,RPTPMLSLJIOFFHF96CA
12912,永和區,房地(土地+建物)+車位,新北市永和區環河東路一段31~60號,2019,49900000.0,679299.2,RPUPMLKKKHPFFHF09EA
35088,永和區,房地(土地+建物)+車位,永平路361~390號,2017,47800000.0,680066.1,RPRSNLMJPHPFFHF07DA
1064,永和區,房地(土地+建物)+車位,新北市永和區仁愛路241~270號,2019,36000000.0,680687.6,RPQNMLTKJIOFFHF09CA
19654,永和區,房地(土地+建物)+車位,新北市永和區環河東路一段31~60號,2020,41800000.0,681097.5,RPWRMLQJMHPFFHF57EA
1181,永和區,房地(土地+建物)+車位,新北市永和區仁愛路241~270號,2019,36600000.0,681193.4,RPTNMLTKJIOFFHF76CA
7952,永和區,房地(土地+建物)+車位,新北市永和區仁愛路241~270號,2019,26400000.0,681454.5,RPWNMLRLKIOFFHF07CA
7951,永和區,房地(土地+建物)+車位,新北市永和區仁愛路241~270號,2019,43500000.0,683272.7,RPVNMLRLKIOFFHF96CA
16219,永和區,房地(土地+建物)+車位,新北市永和區仁愛路241~270號,2019,39900000.0,684948.8,RPPNMLQLKHPFFHF88CA
23210,永和區,房地(土地+建物)+車位,新北市永和區仁愛路241~270號,2020,40500000.0,695150.4,RPOPMLRKMHPFFHF56CA
20440,永和區,房地(土地+建物)+車位,新北市永和區仁愛路241~270號,2018,44800000.0,695203.3,RPQPMLQLLHPFFHF66CA
21264,永和區,房地(土地+建物)+車位,新北市永和區仁愛路241~270號,2018,45200000.0,695203.3,RPPNMLQJMHPFFHF88CA
24112,永和區,房地(土地+建物)+車位,新北市永和區仁愛路241~270號,2018,27000000.0,698462.8,SPSNMLOLMHPFFHF66CA
24111,永和區,房地(土地+建物)+車位,新北市永和區仁愛路241~270號,2018,44500000.0,699900.8,RPSNMLOLMHPFFHF56CA
16586,永和區,房地(土地+建物)+車位,新北市永和區仁愛路91~120號,2019,58600000.0,699986.8,RPSNMLSKLHPFFHF76CA
7958,永和區,房地(土地+建物)+車位,新北市永和區仁愛路241~270號,2018,27300000.0,700730.6,RPTOMLRLKIOFFHF86CA
26961,永和區,房地(土地+建物)+車位,新北市永和區仁愛路241~270號,2020,40900000.0,701160.3,RPPOMLOKNHPFFHF98CA
12320,永和區,房地(土地+建物)+車位,新北市永和區仁愛路241~270號,2018,27600000.0,701580.2,TPXPMLMLJHPFFHF96CA
25893,永和區,房地(土地+建物)+車位,新北市永和區仁愛路241~270號,2020,36300000.0,701689.3,RPWOMLQJNHPFFHF17CA
3982,永和區,房地(土地+建物)+車位,新北市永和區仁愛路241~270號,2018,45400000.0,701758.7,RPPNMLQJKIOFFHF68CA
12319,永和區,房地(土地+建物)+車位,新北市永和區仁愛路241~270號,2018,48000000.0,701957.0,SPXPMLMLJHPFFHF86CA
7955,永和區,房地(土地+建物)+車位,新北市永和區仁愛路241~270號,2018,44800000.0,702396.7,RPPOMLRLKIOFFHF09CA
29853,永和區,房地(土地+建物)+車位,新北市永和區仁愛路241~270號,2018,27200000.0,702995.0,RPROMLPJOHPFFHF66CA
12318,永和區,房地(土地+建物)+車位,新北市永和區仁愛路241~270號,2018,45300000.0,703226.4,RPXPMLMLJHPFFHF76CA
30605,永和區,房地(土地+建物)+車位,新北市永和區仁愛路241~270號,2020,27100000.0,704128.9,SPQNMLLKOHPFFHF88CA
15746,永和區,房地(土地+建物)+車位,新北市永和區環河東路一段31~60號,2019,42900000.0,704413.2,RPTOMLRLKHPFFHF07EA
7954,永和區,房地(土地+建物)+車位,新北市永和區仁愛路241~270號,2018,27500000.0,704413.2,RPOOMLRLKIOFFHF98CA
5602,永和區,房地(土地+建物)+車位,新北市永和區仁愛路241~270號,2019,36300000.0,704558.7,RPROMLQKKIOFFHF09CA
30604,永和區,房地(土地+建物)+車位,新北市永和區仁愛路241~270號,2020,45400000.0,704872.7,RPQNMLLKOHPFFHF78CA
7953,永和區,房地(土地+建物)+車位,新北市永和區仁愛路241~270號,2018,45600000.0,705034.7,RPXNMLRLKIOFFHF17CA
29848,永和區,房地(土地+建物)+車位,新北市永和區仁愛路241~270號,2018,44900000.0,705057.9,RPOOMLPJOHPFFHF98CA
1180,永和區,房地(土地+建物)+車位,新北市永和區仁愛路241~270號,2019,42200000.0,705454.5,RPRNMLTKJIOFFHF56CA
10545,永和區,房地(土地+建物)+車位,新北市永和區仁愛路241~270號,2019,36300000.0,705781.8,RPSOMLOKJHPFFHF88CA
29851,永和區,房地(土地+建物)+車位,新北市永和區仁愛路241~270號,2020,42100000.0,710376.9,RPUNMLPJOHPFFHF86CA
2092,永和區,房地(土地+建物)+車位,新北市永和區仁愛路241~270號,2018,45300000.0,713371.9,RPRNMLPLJIOFFHF88CA
5664,永和區,房地(土地+建物)+車位,新北市永和區環河東路一段31~60號,2019,23100000.0,714353.7,RPQPMLRLKIOFFHF86EA
11450,永和區,房地(土地+建物)+車位,新北市永和區環河東路一段31~60號,2019,43700000.0,718300.8,RPQQMLKLJHPFFHF78EA
30607,永和區,房地(土地+建物)+車位,新北市永和區仁愛路241~270號,2020,41400000.0,719507.4,RPSNMLLKOHPFFHF98CA
14209,永和區,房地(土地+建物)+車位,新北市永和區仁愛路241~270號,2019,37200000.0,722958.7,RPROMLMKKHPFFHF68CA
7071,永和區,房地(土地+建物)+車位,新北市永和區仁愛路241~270號,2019,37500000.0,724406.6,RPVOMLNLKIOFFHF66CA
29849,永和區,房地(土地+建物)+車位,新北市永和區仁愛路241~270號,2019,47300000.0,724876.0,RPTNMLPJOHPFFHF76CA
29850,永和區,房地(土地+建物)+車位,新北市永和區仁愛路241~270號,2019,28700000.0,725031.4,SPTNMLPJOHPFFHF86CA
12315,永和區,房地(土地+建物)+車位,新北市永和區仁愛路241~270號,2018,46900000.0,727831.4,RPSPMLMLJHPFFHF88CA
10542,永和區,房地(土地+建物)+車位,新北市永和區仁愛路241~270號,2018,28600000.0,728152.1,RPXNMLOKJHPFFHF66CA
27957,永和區,房地(土地+建物)+車位,新北市永和區仁愛路241~270號,2019,46000000.0,728360.3,RPXOMLMLNHPFFHF07CA
12316,永和區,房地(土地+建物)+車位,新北市永和區仁愛路241~270號,2018,46600000.0,729024.8,RPUPMLMLJHPFFHF09CA
10561,永和區,房地(土地+建物)+車位,新北市永和區仁愛路241~270號,2018,47100000.0,729613.2,RPUNMLOKJHPFFHF98CA
8929,永和區,房地(土地+建物)+車位,新北市永和區仁愛路241~270號,2019,47400000.0,731279.3,RPQNMLQJJHPFFHF68CA
18764,永和區,房地(土地+建物)+車位,新北市永和區仁愛路241~270號,2018,47000000.0,731606.6,RPPNMLRKLHPFFHF98CA
20450,永和區,房地(土地+建物)+車位,新北市永和區仁愛路241~270號,2019,28200000.0,733547.1,RPSNMLRLLHPFFHF76CA
20138,永和區,房地(土地+建物)+車位,新北市永和區仁愛路241~270號,2019,46500000.0,734360.3,RPWOMLQLLHPFFHF17CA
2093,永和區,房地(土地+建物)+車位,新北市永和區仁愛路241~270號,2018,47000000.0,735024.8,RPSNMLPLJIOFFHF98CA
10556,永和區,房地(土地+建物)+車位,新北市永和區仁愛路241~270號,2019,47300000.0,735877.7,RPQNMLOKJHPFFHF58CA
25892,永和區,房地(土地+建物)+車位,新北市永和區仁愛路241~270號,2020,28400000.0,736889.3,SPVOMLQJNHPFFHF17CA
10562,永和區,房地(土地+建物)+車位,新北市永和區仁愛路241~270號,2018,28600000.0,737580.2,RPVNMLOKJHPFFHF09CA
25891,永和區,房地(土地+建物)+車位,新北市永和區仁愛路241~270號,2020,46800000.0,737861.2,RPVOMLQJNHPFFHF07CA
22501,永和區,房地(土地+建物)+車位,新北市永和區仁愛路241~270號,2020,42700000.0,737957.0,RPSNMLOKMHPFFHF09CA
10560,永和區,房地(土地+建物)+車位,新北市永和區仁愛路241~270號,2018,47000000.0,738813.2,RPTNMLOKJHPFFHF88CA
15666,永和區,房地(土地+建物)+車位,新北市永和區仁愛路241~270號,2019,48200000.0,739163.6,RPQNMLLLKHPFFHF48CA
10908,永和區,房地(土地+建物)+車位,新北市永和區環河東路一段31~60號,2019,22000000.0,739233.1,RPRSMLKMJHPFFHF56EA
10546,永和區,房地(土地+建物)+車位,新北市永和區仁愛路241~270號,2018,47000000.0,740026.4,RPUOMLOKJHPFFHF09CA
17628,永和區,房地(土地+建物)+車位,新北市永和區仁愛路241~270號,2019,28300000.0,742565.3,SPVQMLTJLHPFFHF47CA
17627,永和區,房地(土地+建物)+車位,新北市永和區仁愛路241~270號,2019,47400000.0,742938.8,RPVQMLTJLHPFFHF37CA
17621,永和區,房地(土地+建物)+車位,新北市永和區仁愛路241~270號,2019,46800000.0,743861.2,RPQQMLTJLHPFFHF86CA
10543,永和區,房地(土地+建物)+車位,新北市永和區仁愛路241~270號,2018,47800000.0,744909.1,RPQOMLOKJHPFFHF68CA
10558,永和區,房地(土地+建物)+車位,新北市永和區仁愛路241~270號,2018,28700000.0,745186.8,SPRNMLOKJHPFFHF78CA
10557,永和區,房地(土地+建物)+車位,新北市永和區仁愛路241~270號,2018,47200000.0,746195.0,RPRNMLOKJHPFFHF68CA
28436,永和區,房地(土地+建物)+車位,新北市永和區仁愛路241~270號,2018,47900000.0,747702.5,RPTNMLRLNHPFFHF07CA
31223,永和區,房地(土地+建物)+車位,新北市永和區仁愛路241~270號,2020,47200000.0,749114.0,RPPPMLQKOHPFFHF76CA
17632,永和區,房地(土地+建物)+車位,新北市永和區仁愛路241~270號,2018,44700000.0,754330.6,RPUPMLTJLHPFFHF17CA
9258,永和區,房地(土地+建物)+車位,新北市永和區仁愛路241~270號,2019,48600000.0,755008.3,RPRNMLQJJHPFFHF78CA
24113,永和區,房地(土地+建物)+車位,新北市永和區仁愛路241~270號,2019,48400000.0,755847.9,RPTNMLOLMHPFFHF66CA
7945,永和區,房地(土地+建物)+車位,新北市永和區仁愛路241~270號,2019,45200000.0,758786.8,RPUOMLLKKHPFFHF88CA
7956,永和區,房地(土地+建物)+車位,新北市永和區仁愛路241~270號,2019,45500000.0,758836.4,RPQOMLRLKIOFFHF56CA
13146,永和區,房地(土地+建物)+車位,新北市永和區仁愛路241~270號,2019,39000000.0,759953.7,RPTNMLQJKHPFFHF09CA
17624,永和區,房地(土地+建物)+車位,新北市永和區仁愛路241~270號,2019,30000000.0,768727.3,SPUNMLKKLHPFFHF88CA
17623,永和區,房地(土地+建物)+車位,新北市永和區仁愛路241~270號,2019,49000000.0,769656.2,RPUNMLKKLHPFFHF78CA
17617,永和區,房地(土地+建物)+車位,新北市永和區仁愛路241~270號,2018,68600000.0,802287.6,RPSPMLMKLHPFFHF98CA
10310,永和區,房地(土地+建物)+車位,新北市永和區仁愛路61~90號,2019,48300000.0,1200277.7,RPOPMLNJKHPFFHF48CA
